,Metric,Error
0,MAE,0.04510288491667762
1,MAPE,0.010066605600787211
2,MSE,0.0027648900276687318
3,RMSE,0.05258222159312719
