,Metric,Error
0,MAE,1.501830250875321
1,MAPE,0.10388233450098065
2,MSE,4.151767971951564
3,RMSE,2.0375887641895662
