,Metric,Error
0,MAE,0.46887275795348077
1,MAPE,0.03252601134525612
2,MSE,0.6004532639621113
3,RMSE,0.7748891946350209
