,Metric,Error
0,MAE,1.2530438968612476
1,MAPE,0.08536383525063654
2,MSE,2.846876065754005
3,RMSE,1.687268818461956
