,Metric,Error
0,MAE,0.6507079392593823
1,MAPE,0.0445916700945967
2,MSE,0.8932046793541859
3,RMSE,0.9450950636598341
